noise_level,spearman_rank_correlation
0.05,0.989010989010989
0.1,0.9725274725274725
0.2,0.8846153846153846
0.3,0.7197802197802198
0.5,0.4945054945054945
