noise_level,spearman_rank_correlation
0.05,0.9780219780219779
0.1,0.9780219780219779
0.2,0.8571428571428571
