noise_level,accuracy,f1_score,roc_auc
0.05,0.8688524590163934,0.8666666666666667,0.9523809523809523
0.1,0.8688524590163934,0.8666666666666667,0.9523809523809523
0.2,0.8688524590163934,0.8666666666666667,0.9556277056277056
