feature,mean_abs_shap
ca,0.1556490393918363
thal,0.09630607109675869
cp,0.06266445301240632
sex,0.0513532432625613
thalach,0.040143986294250165
slope,0.03937488667309449
restecg,0.029358794381371567
oldpeak,0.028164945361489425
exang,0.026929047539679653
trestbps,0.02549358885317237
age,0.013779062941702828
fbs,0.008722768031438496
chol,0.002910713696651328
