feature,mean_abs_shap
ca,0.1631122892638275
thal,0.08839108532090513
sex,0.07172894313708054
cp,0.05690232150054694
slope,0.04335437709628066
exang,0.04120134784559285
thalach,0.03571498746983732
trestbps,0.02407481401349342
restecg,0.02351572768252544
oldpeak,0.01677461668800286
fbs,0.013835080845747244
chol,0.012151210987442622
age,0.00487123832760508
