feature,mean_abs_shap
ca,0.16184306744830895
thal,0.09020427422476857
sex,0.06628177249867394
cp,0.0588864751671565
slope,0.043463798877125356
exang,0.03552391947290466
thalach,0.035026137332289105
trestbps,0.024688720217459145
restecg,0.024627897474772578
oldpeak,0.020220199166742493
fbs,0.012521006958060778
chol,0.009581485790022883
age,0.006329768479551482
